horaire,titre,artiste
2023-05-09 07:01:00,PUSSYWHISTLE TEA,CS + KREME
2023-05-09 07:03:00,GO TO HELL,NINA SIMONE
2023-05-09 07:05:00,WAY DOWN IN THE HOLE,THE BLIND BOYS OF ALABAMA
2023-05-09 07:08:00,LIGHT BLUE,BOB DARIN
2023-05-09 07:12:00,BETTER ENDEAVOR,ADRIAN YOUNGE  ALI SHAHEED MUHAMMAD  ADRIAN YOUNGE  ALI SHAHEED MUHAMMAD  LAETITIA SADIER
2023-05-09 07:15:00,CUP OF TIME,DONNA BLUE
2023-05-09 07:18:00,EN ALABAMA,LEONIE
2023-05-09 07:21:00,CARE OF CELL 44,THE ZOMBIES
2023-05-09 07:24:00,SIROCCO,PIERRE DAVEN-KELLER
2023-05-09 07:27:00,JE T'AIMERAI TOUJOURS,CHARLENE DARLING
2023-05-09 07:30:00,SAUDOSISMO,ERASMO CARLOS
2023-05-09 07:33:00,PASTIME PARADISE,STEVIE WONDER
2023-05-09 07:36:00,L'ILE NUE  / L'ILE NUE : THEME PRINCIPAL,BO/L ILE NUE
2023-05-09 07:39:00,LEAD ME BLIND,LAEL NEALE
2023-05-09 07:44:00,THE FIRST CUT IS THE DEEPEST,NORMA FRASER
2023-05-09 07:47:00,THE GUNS OF BRIXTON,THE CLASH
2023-05-09 07:50:00,MINOTAUR,TREES SPEAK
2023-05-09 07:53:00,LE DIRECT,LA RADIO LA PLUS ECLECTIQUE DU MONDE
2023-05-09 07:53:00,SOME VELVET MORNING,NANCY SINATRA AND LEE HAZLEWOOD
2023-05-09 07:57:00,NO ROOM,MADISON MCFERRIN
2023-05-09 08:01:00,COMO E QUE VAI VOCE ,SOYUZ  SESSA
2023-05-09 08:04:00,NOSTALGIA,PIERO UMILIANI
2023-05-09 08:08:00,PRAIA VERMELHA,THE RODEO
2023-05-09 08:11:00,MY LOVE AND I,BARBARA  ERNIE
2023-05-09 08:14:00,AGONY,OAN KIM  THE DIRTY JAZZ
2023-05-09 08:16:00,NIGHT SCENE,CHUCK HIGGINS
2023-05-09 08:19:00,LITTLE DROP OF POISON,TOM WAITS
2023-05-09 08:22:00,POU MIZIK LA,ZEPISS
2023-05-09 08:25:00,LIVING IN THE PAST,JETHRO TULL
2023-05-09 08:25:00,LE DIRECT,LA RADIO LA PLUS ECLECTIQUE DU MONDE
2023-05-09 08:28:00,FORGOT ABOUT DRE,SLY5THAVE
2023-05-09 08:31:00,COOL COLORADO,LA FEMME
2023-05-09 08:34:00,HIGH,MUVA OF EARTH
2023-05-09 08:37:00,THE ONLY ONE,MORPHINE  MARC SANDMAN  DANA COLLEY  JEROME DEUPREE
2023-05-09 08:39:00,SHIMMERS - POUR PIANO,SHANI DILUKA
2023-05-09 08:42:00,BIG SUR,THE BEACH BOYS  MIKE LOVE
2023-05-09 08:44:00,LE DIRECT,LA RADIO LA PLUS ECLECTIQUE DU MONDE
2023-05-09 08:45:00,ON THE SWINGSHIFT,NED DOHENY
2023-05-09 08:48:00,QUAND TU DANSES,MICKY MILAN  MILAN ZDRAVKOVIC  FRANCOIS FELDMAN  GIBSON BORTHERS  KAMIL RUSTAM
2023-05-09 08:51:00,REGGAE DIRECTION,SAUVEUR MALLIA
2023-05-09 08:53:00,CAUGHT BY LOVE,CHRISTINE WHITE
2023-05-09 08:56:00,ZONE 1 TO 6000,NABIHAH IQBAL
2023-05-09 09:00:00,INTERMISSION,THOMAS DYBDAHL
2023-05-09 09:02:00,NEXT PLANE TO LONDON,THE ROSE GARDEN
2023-05-09 09:04:00,LONDON,MATHIEU BOOGAERTS
2023-05-09 09:06:00,SETE VENTOS,JOAO SELVA
2023-05-09 09:11:00,LE DIRECT,LA RADIO LA PLUS ECLECTIQUE DU MONDE
2023-05-09 09:11:00,BELLY BOSSANOVA,THE FRANK POPP ENSEMBLE
2023-05-09 09:14:00,YOU ,LLORCA
2023-05-09 09:17:00,EVERY TIME I TURN AROUND BACK I,LTD
2023-05-09 09:23:00,TIME LOST,APOLLO BROWN
2023-05-09 09:26:00,ONLY YOU,PORTISHEAD
2023-05-09 09:28:00,TIME BOMB,WARHAUS
2023-05-09 09:33:00,BERCEUSE OP 49 N4 - VERSION POUR VIOLONCELLE ET PIANO,YO-YO MA  KATHRYN STOTT
2023-05-09 09:35:00,BRAHMS LULLABY,DEAN MARTIN
2023-05-09 09:38:00,BLUE MAGIC,SON LITTLE
2023-05-09 09:42:00,MY BOY,MARLON WILLIAMS
2023-05-09 09:44:00,I'M SO ELECTRIC,CHRIS JOSS
2023-05-09 09:48:00,JSUIS SNOB,JACNO
2023-05-09 09:51:00,TROUBLE,NICOLETTE LARSON
2023-05-09 09:53:00,"QUIZAS, QUIZAS, QUIZAS",OMARA PORTUONDO  TERESA GARCIA
2023-05-09 09:56:00,CACHICHA,LA SONORA MAZUREN
2023-05-09 09:59:00,FABLES ,RAHILL  BECK
2023-05-09 10:04:00,NIGHT OVER EGYPT,THE JONES GIRLS
2023-05-09 10:08:00,WALK N TALK,MISTER OTT
2023-05-09 10:15:00,I LOVES YOU PORGY ,BEN WENDEL  CECILE MAC LORIN SALVANT
2023-05-09 10:21:00,"PORGY AND BESS : ACTE 2 SCENE 1 : MUS' BE YOU MENS FORGOT ABOUT DE PICNIC.... OH , I GOT PLENTY O' NUTTIN'",ORCHESTRE PHILHARMONIQUE DE LONDRES  CHOEUR DE GLYNDEBOURNE  WILLARD WHITE  CYNTHIA HAYMON  DIVERS
2023-05-09 10:24:00,RIDE OF THE VALKYRIES,SHAWN LEE'S PING PONG ORCHESTRA
2023-05-09 10:27:00,EYE OF THE TIGER,SURVIVOR
2023-05-09 10:30:00,LE DIRECT,LA RADIO LA PLUS ECLECTIQUE DU MONDE
2023-05-09 10:31:00,LA SENTINELLE AMADOUEE,PALATINE
2023-05-09 10:35:00,NIWEL GOES TO TOWN ,RHIANNON GIDDENS  FRANCESCO TURRISI
2023-05-09 10:37:00,KA MOUN KE,ROKIA TRAORE
2023-05-09 10:41:00,GO BACK ,TONY ALLEN  DAMON ALBARN
2023-05-09 10:45:00,SONG FOR FELA,THE KUTIMANGOES  MICHAEL BLICHER  LARS GREVE  GUSTAV RASMUSSEN  JOHANNE BUHL ANDRESEN
2023-05-09 10:47:00,MIGHTY QUINN,MANFRED MANN
2023-05-09 10:50:00,NUE AU SOLEIL,BRIGITTE BARDOT
2023-05-09 10:53:00,CHICAGO BREAKDOWN,JEROME ETCHEBERRY  MALO MAZURIE  CESAR POIRIER  BENJAMIN DOUSTEYSSIER  LUDOVIC ALLAINMAT
2023-05-09 10:55:00,DOCTOR,ALI VEEJAY  ALEXANDRE TANET  JULIEN ZORDAN  ORLVAL CARELOS SIBELIUS
2023-05-09 10:57:00,SELF VOODOO ,KAROLINA  REJOICER
2023-05-09 11:00:00,TURKS CAP,ADRIAN QUESADA  MARY LATTIMORE  NEAL FRANCIS  DAVID GARZA
2023-05-09 11:03:00,LIGHT MY FIRE,JULIE DRISCOLL BRIAN AUGER AND THE TRINITY
2023-05-09 11:08:00,SEAFORTH ,KING KRULE  IGNACIO SALVADORES  GEORGE BASS  JAMES WILSON  JACK TOWELL
2023-05-09 11:10:00,LIHUE,NOHELANI CYPRIANO
2023-05-09 11:14:00,SUN HARP,WHATITDO ARCHIVE GROUP
2023-05-09 11:17:00,KABALUERE,ANTONIO CARLOS E JOCAFI
2023-05-09 11:20:00,JE MONTE SUR LES PLANCHES,JEANNE MOREAU
2023-05-09 11:22:00,DIDN'T CHA KNOW,SAM GENDEL
2023-05-09 11:24:00,LE DIRECT,LA RADIO LA PLUS ECLECTIQUE DU MONDE
2023-05-09 11:25:00,HOMERTON,LOYLE CARNER
2023-05-09 11:27:00,FAMILY,JORDAN RAKEI
2023-05-09 11:31:00,BOOGALOO,CAROL KAYE
2023-05-09 11:33:00,LE DIRECT,LA RADIO LA PLUS ECLECTIQUE DU MONDE
2023-05-09 11:33:00,DARK SIDE OF THE HILL,NIKLAS PASCHBURG
2023-05-09 11:37:00,LES DEUX COTES D'UNE OMBRE,DOMINIQUE A
2023-05-09 11:43:00,A FISTFUL OF DYNAMITE ,ORCHESTRE SYMPHONIQUE NATIONAL TCHEQUE
2023-05-09 11:46:00,MESSE POUR LE TEMPS PRESENT : JERICHO JERK,PIERRE HENRY
2023-05-09 11:48:00,CHUG-A-LUG,ROGER MILLER
2023-05-09 11:50:00,SOUTBOUK,JAWHAR
2023-05-09 11:56:00,KHELLITNI WEDI MEDRAR,MOHAMED LAMOURI  MOCKE  CHARLIE O  BARON RETIF
2023-05-09 11:59:00,THE WALK,KUBIX
2023-05-09 12:03:00,J'EMBRASSE TES LEVRES,CAMILLE BAZBAZ
2023-05-09 12:06:00,USE ME,ESTHER PHILLIPS
2023-05-09 12:10:00,NO LOVE,ERYKAH BADU
2023-05-09 12:15:00,AURORE,LAPSUS  BRUNO ROUGEVIN-BAVILLE  ANTOINE BRUNET  FELIX FAVIEZ
2023-05-09 12:19:00,YOUTHENASIA,BAKAR
2023-05-09 12:22:00,DEVOTE,PITOU  MISCHA PORTE  FRANK WIENK  JASJA OFFERMANS  LIEKE HEUSINKVELD
2023-05-09 12:25:00,THE GRAND DUEL - ,LUIS BACALOV
2023-05-09 12:29:00,PEACE BLOSSOM BOOGY,THE BABE RAINBOW
2023-05-09 12:32:00,"A NOITE, FORA",LEO BLOMOV
2023-05-09 12:35:00,DAMNED,Y LA BAMBA
2023-05-09 12:39:00,VANCOUVER,MAC DEMARCO
2023-05-09 12:41:00,BEST THING,JAWNY
2023-05-09 12:44:00,SPARK,SOULS OF MISCHIEF
2023-05-09 12:47:00,SIMIGWA,GYEDU BLAY AMBOLLEY
2023-05-09 12:49:00,APACHE,INCREDIBLE BONGO BAND  BONGO BAND
2023-05-09 12:53:00,APACHE,SONNY JAMES
2023-05-09 12:54:00,PARTI AVEC LE SOLEIL,APRIL MARCH  STAPLIN
2023-05-09 12:57:00,ANCHOR IN THE CLOUD,BUTTER BATH
2023-05-09 13:00:00,PROMENADE DU MAQUEREAU,JOHN LURIE
2023-05-09 13:01:00,WUTHERING HEIGHTS ,CECILE MCLORIN SALVANT
2023-05-09 13:05:00,BEAT 100 ,BENNY SINGS
2023-05-09 13:07:00,HELICOIDAL,MARINE QUEMERE
2023-05-09 13:11:00,LA RITOURNELLE,SEBASTIEN TELLIER
2023-05-09 13:18:00,SAY IT LOUD - I'M BLACK AND I'M PROUD,JAMES BROWN
2023-05-09 13:23:00,BE BLACK,GRADY TATE
2023-05-09 13:27:00,DREAM VACAY,HEALING POTPOURRI
2023-05-09 13:29:00,SOUTHERN FREEEZ,SONZEIRA
2023-05-09 13:33:00,PYRAMIDE,GRAND BLANC  BENOIT DAVID  CAMILLE DELVECCHIO  VINCENT CORBEL  LUC WAGNER
2023-05-09 13:38:00,OEDIPUS KING OF THEBES Z 583 : MUSIC FOR A WHILE  - ARRANGEMENT POUR CLARINETTE CONTREBASSE ET PIANO,MARTIN FROST  SEBASTIEN DUBE  ROLAND PONTINEN
2023-05-09 13:42:00,FEVER,PEGGY LEE
2023-05-09 13:46:00,NOBODY'S FAULT BUT MINE,KAREEN GUIOCK-THURAM  DOMINIQUE FILLON  LAURENT VERNEREY  RAPHAEL CHASSIN  OLIVIER JUSTE
2023-05-09 13:48:00,AIRPORT LOVE THEME,LIVING STRINGS
2023-05-09 13:52:00,LA CROISERE S'AMUSE ,JACK JONES
2023-05-09 13:53:00,LE DIRECT,LA RADIO LA PLUS ECLECTIQUE DU MONDE
2023-05-09 13:54:00,LA FM QUI S'EST SPECIALISEE FUNKY,MICHEL JONASZ
2023-05-09 13:58:00,FIFTY DOLLAR BILLS,SWORN VIRGINS
2023-05-09 14:02:00,LES PECHEURS,BON VOYAGE ORGANISATION
2023-05-09 14:07:00,PAWNSHOP,KARA JACKSON
2023-05-09 14:10:00,ANY TIME OF DAY,THE LEMON TWIGS
2023-05-09 14:12:00,CONSTANT RAIN,NEW HERD ORCHESTRA  TADAO SAWAI  TOSHIYUKI MIYAMA
2023-05-09 14:17:00,4:00 A.M,OHNUKI TAEKO  HARUOMI HOSONO  RYUICHI SAKAMOTO
2023-05-09 14:22:00,KISS,PRINCE
2023-05-09 14:26:00,UN BISOU DANS LE COU,PETIT PRINCE
2023-05-09 14:31:00,PLUS TOT - ARRANGEMENT POUR HARPE,LAVINIA MEIJER
2023-05-09 14:33:00,ALL THAT YOU GIVE,THE CINEMATIC ORCHESTRA
2023-05-09 14:39:00,CHAMPAGNE PROBLEMS,ENNY
2023-05-09 14:41:00,"ONE BOURBON, ONE SCOTCH, ONE BEER",JOHN LEE HOOKER
2023-05-09 14:45:00,ONE MINT JULEP,KENNY BURRELL
2023-05-09 14:48:00,JE BOIS,KATERINE
2023-05-09 14:52:00,THIRSTY MAN,BLITZEN TRAPPER
2023-05-09 14:55:00,MAN ON BOX,AUDIENCE
2023-05-09 14:58:00,BRYTER LAYTER,NICK DRAKE
2023-05-09 15:00:00,SEUL ALONE,JP NATAF
2023-05-09 15:10:00,NO MORE,LA PRIEST
2023-05-09 15:16:00,MAX BROWN ,JEFF PARKER  THE NEW BREED
2023-05-09 15:19:00,THANG,ESPERANZA SPALDING  MATT STEVENS  JUSTIN TYSON
2023-05-09 15:24:00,CAN YOU GET TO THAT,FUNKADELIC
2023-05-09 15:27:00,CRIOULA MULTICOLORIDA,JOSE ROBERTO
2023-05-09 15:30:00,MITOTE,COCHEMEA
2023-05-09 15:33:00,KAWASAKI,HONEY FOR PETZI
2023-05-09 15:36:00,HOTWAX,BECK
2023-05-09 15:40:00,HITS FROM THE BONG,CYPRESS HILL
2023-05-09 15:42:00,LE DIRECT,LA RADIO LA PLUS ECLECTIQUE DU MONDE
2023-05-09 15:43:00,RICKY'S THEME,BEASTIE BOYS
2023-05-09 15:46:00,J'APAISE,ENCHANTEE JULIA  ASTRONNE
2023-05-09 15:50:00,LEGIT,SABRINA BELLAOUEL
2023-05-09 15:53:00,SLOWLY BUT SURELY,QUIET DAWN
2023-05-09 15:55:00,LEYLIM LEY,ALTIN GUN
2023-05-09 15:59:00,STRAWS IN THE WIND,KING GIZZARD  THE LIZARD WIZARD
2023-05-09 16:05:00,DECALCO,FOREVER PAVOT  EMILE SORNIN  MAXIME DAOUD  VINCENT TAEGER  ARNAUD SECHE
2023-05-09 16:09:00,THIS GUY'S IN LOVE WITH YOU,ROY AYERS  HERBIE HANCOCK  BUSTER WILLIAMS  HUBERT LAWS  FREDDIE WAITS
2023-05-09 16:13:00,THE PARTY'S OVER,BLOSSOM DEARIE
2023-05-09 16:17:00,MISHIRANU SEKAI,KIYOKO ITO
2023-05-09 16:20:00,HALF THE MAN,JAMIROQUAI
2023-05-09 16:25:00,DANCE WITH ME,BABY ROSE
2023-05-09 16:28:00,"BRIAN DE PALMA, SUITE POUR VIOLON ET ORCHESTRE : 1. MAIN THEME FROM CASUALTIES OF WAR",ORCHESTRE HAYDN DE BOLZANO ET DE TRENTE  MARCO SERINO
2023-05-09 16:31:00,DID YOU KNOW THAT THERE'S A TUNNEL UNDER OCEAN BLVD,LANA DEL REY
2023-05-09 16:36:00,WUTHERING HEIGHTS,KATE BUSH
2023-05-09 16:40:00,NO CREDIT FOR THIS,CHARLES STEPNEY
2023-05-09 16:44:00,A DIME AWAY FROM A HOTDOG,OSCAR BROWN JR
2023-05-09 16:48:00,NUVOJOB,VARNISH LA PISCINE
2023-05-09 16:49:00,OFELE,PIERRE KWENDERS  UPROOT ANDY
2023-05-09 16:54:00,CAPE TOWN JAM,AUNTIE FLO
2023-05-09 16:57:00,OMAMPAM ,ARP FRIQUE  MARISEYA
2023-05-09 17:00:00,AD LIB,LES CHEVALS
2023-05-09 17:02:00,LA FOULE,PULCINELLA  MARIA MAZZOTTA
2023-05-09 17:06:00,PRODIGAL SON,STEEL PULSE
2023-05-09 17:11:00,FREE,THE NATURAL FOUR  DELMOS WHITLEY
2023-05-09 17:14:00,LET'S DO IT AGAIN ,ANA POPOVIC  AL KAPONE  CODY DICKINSON
2023-05-09 17:18:00,ON THE ONE ,SAM REDMORE  MR AUDEN ALLEN  RENEGADE BRASS BAND
2023-05-09 17:21:00,ALEGRIA,ADRIEN BRANDEIS
2023-05-09 17:27:00,SOMEONE,ANA LAYLA  ERIC LEGNINI  DANIEL ROMEO  DRE PALLEMAERTS  VICTOR FOULON
2023-05-09 17:29:00,START ME UP,THE ROLLING STONES
2023-05-09 17:33:00,LET'S GO! LET'S GO ! ,VULFMON  MIKE VIOLA
2023-05-09 17:38:00,CASTLES MADE OF SAND,JIMI HENDRIX
2023-05-09 17:40:00,TSUGARU HANAGASA,TAKESHI TERAUCHI
2023-05-09 17:44:00,ARAWAN,TINARIWEN
2023-05-09 17:48:00,LA PLUIE NE TOMBE JAMAIS SUR TOI,LOU-ADRIANE CASSIDY
2023-05-09 17:51:00,CIELO GRANDE,HERMANOS GUTIERREZ  ALEJANDRO GUTIERREZ  ESTEVAN GUTIERREZ
2023-05-09 17:54:00,AGED EYES ,ALFA MIST
2023-05-09 17:58:00,EMPIRE ,KAISER QUARTETT  VALESKA STEINER
2023-05-09 18:02:00,TES YEUX SE MOQUENT,LOUISE ATTAQUE
2023-05-09 18:05:00,INDIFERENTI ,L'ALBA
2023-05-09 18:08:00,CORSICA,ET.NU  LEA MARIA FRIES  JULIEN HERNE
2023-05-09 18:13:00,SONG OF THE ISLANDS,MARCEL BIANCHI
2023-05-09 18:15:00,EXOTICA,PARCELS
2023-05-09 18:20:00,NO ONE ELSE,A.M. SON
2023-05-09 18:23:00,LANCA PERFUME,RITA LEE
2023-05-09 18:28:00,"EASY COME, EASY GO",CHET BAKER
2023-05-09 18:30:00,AIN'T NO MOUNTAIN HIGH ENOUGH,DIANA ROSS  THE SUPREMES  THE TEMPTATIONS
2023-05-09 18:33:00,TENEBRAX,TUZEINT
2023-05-09 18:36:00,SMOKE,RUNNY NOISE
2023-05-09 18:39:00,LIFE IS REAL,AYO
2023-05-09 18:43:00,NOT ANOTHER WOMAN,CARL DAWKINS
2023-05-09 18:47:00,DEJALA EN LA PUNTICA,BILL LASWELL  TATA GUINES
2023-05-09 18:48:00,NEW YORK U.S.A.,SERGE GAINSBOURG
2023-05-09 18:51:00,SKYSCRAPER,KINOBE
2023-05-09 18:52:00,POINT AND KILL,LITTLE SIMZ   LITTLE SIMZ  OBONGJAYAR
2023-05-09 18:55:00,LE DIRECT,LA RADIO LA PLUS ECLECTIQUE DU MONDE
2023-05-09 20:09:00,THE NORMYN SUITE N1 : CATHARSIS ,MICHAEL LEONHART ORCHESTRA  BILL FRISELL
2023-05-09 20:10:00,LE MISUNDERSTANDING,IDRIS CHEBA
2023-05-09 20:13:00,WOLF IN RABBIT CLOTHES,ST. PAUL  THE BROKEN BONES
2023-05-09 20:15:00,BERLIN PARIS,ET.NU  LEA MARIA FRIES  JULIEN HERNE
2023-05-09 20:19:00,STUPIDITY  THE FOXY LADY,KID LOCO
2023-05-09 20:19:00,ODYSSEY,LAURA ROY
2023-05-09 20:23:00,LA JAVANAISE,KHRUANGBIN  LAURA LEE  MARK SPEER  DONALD JOHNSON
2023-05-09 20:25:00,A KIND OF MAGIC,QUEEN
2023-05-09 20:30:00,SOMETHING MORE,NABIHAH IQBAL
2023-05-09 20:32:00,LE DIRECT,LA RADIO LA PLUS ECLECTIQUE DU MONDE
2023-05-09 20:33:00,ACHETHKHII,LES ABRANIS
2023-05-09 20:37:00,LE GENDARME SE MARIE  : LE GENDARME POP,RAYMOND LEFEVRE
2023-05-09 20:41:00,TWIST A ST TROPEZ,TELEX
2023-05-09 20:43:00,ISN'T IT LOVELY,GRACE IVES
2023-05-09 20:46:00,DO YOU LIKE ME?,DANIEL CAESAR
2023-05-09 20:50:00,LOSALAMITOS LATINFUNKLOVESONG,GENE HARRIS
2023-05-09 20:52:00,SUZANNE,LEONARD COHEN
2023-05-09 20:56:00,COCONUT,HARRY NILSSON
2023-05-09 21:00:00,BEES,ALASKALASKA  LUCINDA DUARTE-HOLMAN  FRASER RIELEY  CALUM DUNCAN  FRASER SMITH
2023-05-09 21:04:00,MUSIC IS FUN ,THE GRAND JURY
2023-05-09 21:07:00,INWOOD HILL PARK,6LACK
2023-05-09 21:11:00,HELLO THERE,THEADORA IFUDU
2023-05-09 21:14:00,GOLD DAYZZ,ULTRAISTA
2023-05-09 21:17:00,TALENTLESS BUT CONNECTED,JAZE BAQTI
2023-05-09 21:20:00,KALIMBA SUITE,BOBBY MCFERRIN
2023-05-09 21:24:00,FEVER,RAY CHARLES  NATALIE COLE
2023-05-09 21:27:00,HALFWAY,BALTHAZAR
2023-05-09 21:30:00,OUTRO TAO,SU-PAKA-POOH  DIVERS
2023-05-09 21:32:00,PANAMA PANAME,CLEA VINCENT
2023-05-09 21:36:00,ROSA MENINA ROSA,JORGE BEN
2023-05-09 21:39:00,AMERICAN LOVER,GAYA
2023-05-09 21:43:00,MAOSCOLORIDA,OS MULHERES NEGRAS
2023-05-09 21:47:00,CHAGRIN VIOLETTE,JEAN LOUIS MURAT AND THE DELANO ORCHESTRA
2023-05-09 21:50:00,SULWE,ELSY WAMEYO
2023-05-09 21:53:00,OFTEN HARD TO BELIEVE,NICOLE MITCHELL  UGOCHI  PHAREZ WHITTED  TOMEKA REID  RENE BAKER  MIGUEL DE LA CERNA  HARRISON BANKHEAD  TOMAS FUJIWARA
2023-05-09 21:58:00,LE DIRECT,LA RADIO LA PLUS ECLECTIQUE DU MONDE
2023-05-09 22:01:00,BERLIN PARIS,ET.NU  LEA MARIA FRIES  JULIEN HERNE
2023-05-09 22:06:00,STEAL YOUR HEART AWAY,SHORT 66
2023-05-09 22:09:00,FLIGHT OF SAGITTARIUS ,DIOGO STRAUSZ
2023-05-09 22:12:00,SMOKE ON THE WATER,SENOR COCONUT
2023-05-09 22:17:00,LA FILLE AU PISTOLET : RAPIMENTO IN SICILIA,PEPPINO DE LUCA
2023-05-09 22:19:00,HARD TIMES,RUN DMC
2023-05-09 22:22:00,THIRD ROCK,PURE ESSENCE
2023-05-09 22:27:00,ONDULE,MATHIEU BOOGAERTS
2023-05-09 22:30:00,SAMBA DE DUAS NOTAS,LUIZ BONFA
2023-05-09 22:33:00,JOU EN NOU RIVE ,LAURENT BARDAINNE  TIGRE D'EAU DOUCE
2023-05-09 22:37:00,TIME MOVES ON,THE NUDE PARTY
2023-05-09 22:42:00,BALLAD OF ACR,A CERTAIN RATIO
2023-05-09 22:46:00,FEMME COSMIC,SUZANNE KRAFT
2023-05-09 22:49:00,COMPUTER LOVE,POLYCOOL
2023-05-09 22:53:00,JUMP AROUND,THE BANJO LOUNGE 4
2023-05-09 22:57:00,FRIDAY'S CHILD,LEE HAZLEWOOD
2023-05-09 22:59:00,"PLEASE, MR. POSTMAN",THE MARVELETTES
2023-05-09 23:02:00,MELODY LIFE,HORTENSE ELLIS
2023-05-09 23:05:00,RECONCILIATION,PARENTAL  FIGUB BRAZLEVIC  PARENTAL  FIGUB BRAZLEVIC
2023-05-09 23:07:00,ELECTRIC RELAXATION,A TRIBE CALLED QUEST
2023-05-09 23:10:00,MADISON,DRUGDEALER
2023-05-09 23:14:00,ELA,GILBERTO GIL
2023-05-09 23:16:00,LE DIRECT,LA RADIO LA PLUS ECLECTIQUE DU MONDE
2023-05-09 23:17:00,QUINTESSENCIA,ZUMBA 5
2023-05-09 23:19:00,BEWITCHED,PEGGY LEE
2023-05-09 23:22:00,LE PIANO DE MAUVAISE VIE,CLAUDE NOUGARO
2023-05-09 23:23:00,LE DIRECT,LA RADIO LA PLUS ECLECTIQUE DU MONDE
2023-05-09 23:24:00,LES NOCES DE FIGARO K 492 : UN MOTO DI GIOIA K 579  AIR DE SUSANNE,CHEN REISS  L ARTE DEL MONDO
2023-05-09 23:25:00,SOME BLUE AND YELLOW ,LIMOUSINE  MALIK DJOUDI  LAURENT BARDAINNE  DAVID AKNIN  MAXIME DELPIERRE
2023-05-09 23:29:00,MARIA TAMBIEN,KHRUANGBIN
2023-05-09 23:33:00,FIGHTING YOUR SHADOW,HANNAH WILLIAMS AND THE AFFIRMATIONS
2023-05-09 23:36:00,TENDERNESS,DIANA ROSS
2023-05-09 23:39:00,TULSA TURNAROUND,KENNY ROGERS  THE FIRST EDITION
2023-05-09 23:43:00,LA PENOMBRE,ESMERINE
2023-05-09 23:47:00,MON PETIT CHEMIN,VANILLE  ALEXANDRE MARTEL  LOU-ADRIANE CASSIDY
2023-05-09 23:50:00,I HOPE TO BE AROUND ,MEN I TRUST
2023-05-09 23:54:00,THREE IMAGINARY BOYS,THE CURE
2023-05-09 23:57:00,HONEYCOMB,KADHJA BONET
2023-05-10 07:00:00,"LONDON, LONDON",ROSINHA DE VALENCA
2023-05-10 07:03:00,ZORONGO / POUR VOIX ET GUITARE,FRANCOISE ATLAN  JUAN CARMONA
2023-05-10 07:05:00,LE DIRECT,LA RADIO LA PLUS ECLECTIQUE DU MONDE
2023-05-10 07:06:00,LE BOIS,VANILLE  ALEXANDRE MARTEL  LOU-ADRIANE CASSIDY
2023-05-10 07:09:00,COME ALONG WITH ME : ISLAND SONG,ASHLEYC ERIKSSON
2023-05-10 07:10:00,DISTANT STARS,LAKE
2023-05-10 07:13:00,ANOTHER BROTHER GONE,TOMMY GUERRERO
2023-05-10 07:15:00,LET'S STAY TOGETHER,AL GREEN
2023-05-10 07:19:00,THE TOKYO TASTE,SADISTICUS
2023-05-10 07:22:00,MY TIME,GREGORY ISAACS
2023-05-10 07:25:00,LE DIRECT,LA RADIO LA PLUS ECLECTIQUE DU MONDE
2023-05-10 07:26:00,CHILLED ROOM,BLUEWERKS
2023-05-10 07:28:00,BORDERLINE,ALFA MIST  ALFA SEKITOLEKO  JASMINE KAYSER  KAYA THOMAS-DYKE  JUNIOR ALLI-BALOGUN
2023-05-10 07:30:00,DEED I DO,BLOSSOM DEARIE
2023-05-10 07:33:00,KING OF THE ROAD,ROGER MILLER
2023-05-10 07:35:00,20200324,MAC DEMARCO
2023-05-10 07:38:00,SOLEIL SOLEIL,VOYOU
2023-05-10 07:41:00,DEBAJO DEL PLATANERO,JEANETTE
2023-05-10 07:43:00,I LOVE YOU,WELDON IRVINE
2023-05-10 07:46:00,STARTING TO SMILE,SILVAN STRAUSS
2023-05-10 07:48:00,LISTEN,BLOOM BAT
2023-05-10 07:52:00,YOU'RE NOT FREE,FRAZEY FORD
2023-05-10 07:56:00,RAINMAKER,BOBBIE GENTRY
2023-05-10 07:59:00,AFRIKAAN BEAT,BERT KAEMPFERT
2023-05-10 08:01:00,FIORIN FIORELLO,LUCIANO PAVAROTTI  ORCHESTRE DU THEATRE COMMUNAL DE BOLOGNE  CHOEUR DU THEATRE COMMUNAL DE BOLOGNE
2023-05-10 08:04:00,"NEL CUORE, NELL'ANIMA",LUCIO BATTISTI
2023-05-10 08:05:00,HEADS DOWN,RACHAEL DADD
2023-05-10 08:09:00,CHINESE CHILLIN,SHAWN LEE
2023-05-10 08:11:00,RIVERS OF BABYLON,THE MELODIANS
2023-05-10 08:14:00,TU NE SAIS PAS,NANCY HOLLOWAY
2023-05-10 08:17:00,NEON,LA PRIEST
2023-05-10 08:21:00,MILES AWAY,KAZAM
2023-05-10 08:23:00,NEW BLOWTOP BLUES,DINAH WASHINGTON
2023-05-10 08:26:00,WELCOME TO HARD TIMES,CHARLEY CROCKETT  KULLEN FOX
2023-05-10 08:29:00,IF YOU DON'T WANT MY LOVE,JALEN N'GONDA
2023-05-10 08:31:00,SUNSHINE,THE MAC CRARYS
2023-05-10 08:31:00,LE DIRECT,LA RADIO LA PLUS ECLECTIQUE DU MONDE
2023-05-10 08:35:00,MIDNIGHT MORNING,MENAHAN STREET BAND
2023-05-10 08:37:00,JEU POUR ENFANT,AUPINARD
2023-05-10 08:39:00,PEOPLE DO IT ALL THE TIME,STEREOLAB
2023-05-10 08:43:00,DON'T LET ME DOWN,THE BEATLES
2023-05-10 08:46:00,THE HOUR,VALERIE JUNE
2023-05-10 08:50:00,FRONTERA,CALEXICO
2023-05-10 08:53:00,QUE MURMUREN,ELIADES OCHOA
2023-05-10 08:56:00,BIRDS GO DIE OUT OF SIGHT,PETER ONE
2023-05-10 09:01:00,WALKIN' DOWN,ANDREW ALLI
2023-05-10 09:03:00,PAS CETTE CHANSON,JOHNNY HALLYDAY
2023-05-10 09:05:00,WHAT BECOMES OF THE BROKENHEARTED,JIMMY RUFFIN
2023-05-10 09:09:00,EARTHQUAKE WEATHER,BECK
2023-05-10 09:13:00,FEELINGS,J. RAWLS
2023-05-10 09:15:00,GOAT TALK,ALOEIGHT
2023-05-10 09:18:00,LE DIRECT,LA RADIO LA PLUS ECLECTIQUE DU MONDE
2023-05-10 09:19:00,WEST END BLUES,LOUIS ARMSTRONG  HIS HOT FIVE
2023-05-10 09:22:00,SINGING SOFTLY TO ME,KINGS OF CONVENIENCE
2023-05-10 09:25:00,TUMBADA,TUZEINT
2023-05-10 09:29:00,GUACHARUMBA,ORQUESTA ARAGON
2023-05-10 09:34:00,FENSH VALLEE,BERNARD LAVILLIERS
2023-05-10 09:37:00,MYTHOLOGIES : 5. LES AMAZONES,THOMAS BANGALTER  ORCHESTRE NATIONAL DE BORDEAUX-AQUITAINE  ROMAIN DUMAS
2023-05-10 09:41:00,FIRE BRIGADE,THE MOVE  CARL WAYNE  ROY WOOD  ACE KEFFORD  TREVOR BURTON
2023-05-10 09:44:00,RELIEF,SAM AMIDON
2023-05-10 09:49:00,ONCE IN ROYAL DAVID'S CITY,SUFJAN STEVENS
2023-05-10 09:51:00,EX-FACTOR,LAURYN HILL
2023-05-10 09:57:00,TOMORROW'S CHILD,YAZMIN LACEY
2023-05-10 10:00:00,AURORE,LAPSUS  BRUNO ROUGEVIN-BAVILLE  ANTOINE BRUNET  FELIX FAVIEZ
2023-05-10 10:03:00,ANNE-SOPHIE,MUSTANG
2023-05-10 10:06:00,CAROL,THE ROLLING STONES
2023-05-10 10:09:00,LOUISE,TV GIRL
2023-05-10 10:12:00,NP IL SEGRETO : MAIN THEME,NON IDENTIFIE
2023-05-10 10:15:00,BORONDONG GARING,NUSANTARA BEAT
2023-05-10 10:21:00,FETSUM,OZFERTI
2023-05-10 10:24:00,GIRL FROM ADDIS ABABA,MULATU ASTATKE
2023-05-10 10:28:00,THINGS WE SAY ,BLU  EXILE  LOE BLACC
2023-05-10 10:32:00,INNER CITY BLUES ,MARVIN GAYE
2023-05-10 10:35:00,THE MARCH,THE ECHOCENTRICS
2023-05-10 10:38:00,L'INVISIBLE,MARTIN LEON
2023-05-10 10:41:00,UNDER THE SKY,DANA GAVANSKI
2023-05-10 10:44:00,I AM THE RIVER,LAEL NEALE
2023-05-10 10:48:00,UN PO D'IRONIA ACIDA,ENNIO MORRICONE
2023-05-10 10:52:00,PAROLE PAROLE,MINA  ALBERTO LUPO
2023-05-10 10:57:00,I NOSTRI GIORNI,ANDREA LASZLO DE SIMONE
2023-05-10 11:00:00,SKIN TONE,TIMBER TIMBRE
2023-05-10 11:03:00,I WANNA BE YOUR BASKETBALL,JW FRANCIS
2023-05-10 11:05:00,VERTIGE DE L'AMOUR,ALAIN BASHUNG
2023-05-10 11:08:00,MARIA MOLE,RITA LEE  ROBERTO DE CARVALHO
2023-05-10 11:14:00,NIGHT TIME,JOE YORKE  KING DAVID HORNS
2023-05-10 11:17:00,THE SYMPHONY ,MARLEY MARL  MASTA ACE  CRAIG G  KOOL G RAP  BIG DADDY KANE
2023-05-10 11:23:00,HARD TO HANDLE,OTIS REDDING
2023-05-10 11:25:00,COWBOYS TO GIRLS,THE SEXTONES
2023-05-10 11:28:00,DREAMS OF PANAMA,SKINSHAPE
2023-05-10 11:31:00,BARCELONE,THOMAS FERSEN
2023-05-10 11:35:00,SKYLARK,CHANO DOMINGUEZ  ANTONIO LIZANA  CHANO DOMINGUEZ  ANTONIO LIZANA  MANEL FORTIA  MARC MIRALTA
2023-05-10 11:39:00,4 PIEZAS ESPANOLAS : 4. ANDALUZA - POUR PIANO,SIMON GHRAICHY
2023-05-10 11:43:00,I DON'T CARE,ELTON JOHN
2023-05-10 11:47:00,FAKE FUTURE,ALLEN STONE
2023-05-10 11:50:00,FUTBOL,RAHILL
2023-05-10 11:54:00,SOMA NAGAREYAMA,KIFU MITSUHASHI
2023-05-10 11:58:00,DIARABI,KHRUANGBIN  VIEUX FARKA TOURE
2023-05-10 12:03:00,MAINTENANT,TAMAR SU
2023-05-10 12:05:00,LE DIRECT,LA RADIO LA PLUS ECLECTIQUE DU MONDE
2023-05-10 12:06:00,THE SOUND OF SILENCE,SIMON AND GARFUNKEL
2023-05-10 12:08:00,ANNE BONNY RAG,LAURA VEIRS
2023-05-10 12:11:00,I LEFT MY WALLET IN EL SEGUNDO,A TRIBE CALLED QUEST
2023-05-10 12:15:00,GOT TO BE GOOD ,SUNSHINE MAKERS  AQUAKULTRE
2023-05-10 12:17:00,LE DIRECT,LA RADIO LA PLUS ECLECTIQUE DU MONDE
2023-05-10 12:17:00,IT AIN'T OVER 'TIL IT'S OVER,LENNY KRAVITZ
2023-05-10 12:21:00,GENIUS OF LOVE,MAGIC SOURCE
2023-05-10 12:25:00,AWUNDIVA,KABASA
2023-05-10 12:29:00,THE LION SLEEPS TONIGHT,THE TOKENS
2023-05-10 12:29:00,LE DIRECT,LA RADIO LA PLUS ECLECTIQUE DU MONDE
2023-05-10 12:32:00,MYSTICS  ,THE YUSSEF DAYES EXPERIENCE  VENNA
2023-05-10 12:36:00,LET YOU GO,MOONCHILD
2023-05-10 12:39:00,DOUZE HEURES,ENCHANTEE JULIA
2023-05-10 12:42:00,LUCKY STAR,MADONNA
2023-05-10 12:47:00,LE DIRECT,LA RADIO LA PLUS ECLECTIQUE DU MONDE
2023-05-10 12:48:00,ROLLER,FOREVER PAVOT
2023-05-10 12:50:00,ARRIVEDERCI ROMA,JUAN DIEGO FLOREZ  AVI AVITAL  KSENIJA SIDOROVA  GUIDO SODO  WALTER ZANETTI
2023-05-10 12:54:00,ISLE OF CAPRI,BING CROSBY  ROSEMARY CLOONEY
2023-05-10 12:57:00,ITALIAN MARIACHI ,RODEO SPAGHETTI
2023-05-10 13:00:00,PROFUMO DI DONNA : WOMAN'S PARFUME,ARMANDO TROVAJOLI
2023-05-10 13:05:00,MADAM OPERATOR,MADNESS
2023-05-10 13:09:00,HANGING ON THE TELEPHONE,THE NERVES
2023-05-10 13:11:00,RAPTURE,BLONDIE
2023-05-10 13:17:00,MIAMI,SKARBO SKULEKORPS
2023-05-10 13:19:00,SUIYOUBI MADENI SHINITAINO,YUKAKO HAYASE
2023-05-10 13:23:00,AVEC LE VENT ,KCIDY  KUMISOLO
2023-05-10 13:26:00,THE TELEPHONE CALL,KRAFTWERK
2023-05-10 13:30:00,SUITE BERGAMASQUE : PASSEPIED,XAVIER DE MAISTRE
2023-05-10 13:34:00,FINAL FANTASY,DRAKE
2023-05-10 13:37:00,TOMORROW,THE DURUTTI COLUMN
2023-05-10 13:41:00,DIBUJOS DE MI ALMA,Y LA BAMBA
2023-05-10 13:45:00,MY ISLE OF GOLDEN DREAMS,MARTIN DENNY
2023-05-10 13:45:00,LE DIRECT,LA RADIO LA PLUS ECLECTIQUE DU MONDE
2023-05-10 13:47:00,L'HOMME A LA TETE DE CHOU,SERGE GAINSBOURG
2023-05-10 13:50:00,AFRICA,THE METERS
2023-05-10 13:54:00,BASSA BASSA,VAUDOU GAME
2023-05-10 14:00:00,SONG OF THE FOUNDLING,ALABASTER DEPLUME
2023-05-10 14:03:00,3 CHANSONS : TROIS BEAUX OISEAUX DU PARADIS - ARRANGEMENT POUR SOPRANO CONTRALTO CHOEUR DE FEMMES QUATUOR A CORDES ET PIANO,ARMELLE MARQ  ANNE LOU BISSIERES  ENSEMBLE EUROPA BAROCCA  CHOEUR LUCE DEL CANTO  CYRIELLE EBERHARDT
2023-05-10 14:05:00,VENUS,FRANKIE AVALON
2023-05-10 14:07:00,I'LL BE YOUR MIRROR,THE VELVET UNDERGROUND
2023-05-10 14:09:00,NOTHING TO LOOSE,HENRY MANCINI
2023-05-10 14:13:00,BLE AETH YR AMSER,CARWYN ELLIS  RIO 18  BBC NATIONAL ORCHESTRA OF WALES
2023-05-10 14:17:00,NOTHING IS EASY,JETHRO TULL
2023-05-10 14:21:00,ACHETHKHII,LES ABRANIS
2023-05-10 14:25:00,THE CASHMERE CHAMBER,WHATITDO ARCHIVE GROUP
2023-05-10 14:29:00,WHILE YOU WAIT,NEW MUSIK
2023-05-10 14:34:00,LE BALCON,BIBI CLUB  ADELE TROTTIER-RIVARD  NICOLAS BASQUE
2023-05-10 14:37:00,CUANDO LLEGARE,AMARA TOURE
2023-05-10 14:41:00,FEDERAL SPECIAL,ROLAND ALPHONSO
2023-05-10 14:43:00,FAT CAKES,JIMMY MCGRIFF
2023-05-10 14:47:00,FOREVER,LEE FIELDS
2023-05-10 14:50:00,NUBIAN FARLOW,VARNISH LA PISCINE
2023-05-10 14:53:00,FIRE OF LOVE : ZAIRE 73,NICOLAS GODIN
2023-05-10 14:56:00,ZONE 1 TO 6000,NABIHAH IQBAL
2023-05-10 14:59:00,PUNK,DEAN BLUNT
2023-05-10 15:02:00,FULL UP,SOUND DIMENSION
2023-05-10 15:05:00,RING THE ALARM,TENOR SAW
2023-05-10 15:07:00,WHEN THE ALARM CLOCK RINGS,BLOSSOM TOES
2023-05-10 15:10:00,HIGH ALERT,JUNIUS MEYVANT
2023-05-10 15:13:00,CHASE SCENE ,THE LAHAAR  JULIEN DYNE  HORATIO LUNA  LACHLAN STUCKEY  MARA TK
2023-05-10 15:17:00,RENDEZVOUS ,SAI GALAXY  VANESSA BAKER
2023-05-10 15:23:00,PETIT A PETIT ,IREKE  AGNES HELENE
2023-05-10 15:27:00,SADUVA,GIBSON KENTE
2023-05-10 15:27:00,SADUVA,GIBSON KENTE
2023-05-10 15:29:00,"BROTHER, WHERE ARE YOU ?",OSCAR BROWN JR
2023-05-10 15:33:00,WHO IS SHE,WANUBALE  EVIN
2023-05-10 15:37:00,SHIMMERS - POUR PIANO,SHANI DILUKA
2023-05-10 15:40:00,I NEED A MINUTE,SIR WAS
2023-05-10 15:44:00,SUR MA MOB,LILI DROP
2023-05-10 15:48:00,BORN TO BE WILD,STEPPENWOLF
2023-05-10 15:51:00,MELTING POT,BOOKER T  THE MG S
2023-05-10 16:00:00,YUTEMAN DENIS ,SKIIFALL  CHARLOTTE CARDIN  ZIBZ
2023-05-10 16:03:00,LE DIRECT,LA RADIO LA PLUS ECLECTIQUE DU MONDE
2023-05-10 16:04:00,AUTOMATIC YOUTH,ALEX EBERT
2023-05-10 16:06:00,CHIARO,PAOLO FRESU QUINTET
2023-05-10 16:11:00,LOVE TASTES LIKE STRAWBERRIES ,SOMI
2023-05-10 16:15:00,LE SOLEIL,BRIGITTE BARDOT
2023-05-10 16:19:00,I GOT SUNSHINE,AVERY SUNSHINE
2023-05-10 16:21:00,SOUL AND SUNSHINE,HARVEY THE PHENOMENALS
2023-05-10 16:25:00,GOODNIGHT IRENE,NEW YORK ROCK ENSEMBLE
2023-05-10 16:28:00,WHEN WINTER COMES AROUND,THE LEMON TWIGS
2023-05-10 16:32:00,LE DIRECT,LA RADIO LA PLUS ECLECTIQUE DU MONDE
2023-05-10 16:33:00,RACK RAILWAY TO,ROBERTO MUSCI
2023-05-10 16:36:00,HUNGBOO,PEGGY GOU
2023-05-10 16:41:00,HIRONDELLE,MARINA TRENCH
2023-05-10 16:44:00,SMOOTH OPERATOR,SADE
2023-05-10 16:49:00,TOUCH,BURT BACHARACH
2023-05-10 16:52:00,KEEPIN' IT TO MYSELF,JAYE P.MORGAN  HARVEY MASON  ED GREENE  DAVID FOSTER  LEE RITENOUR
2023-05-10 16:56:00,DO YOU,MADMADMAD
2023-05-10 17:00:00,FAITES VOUS DES BISOUS,LUCIE ANTUNES
2023-05-10 17:02:00,ZOU BISOU BISOU,GILLIAN HILLS
2023-05-10 17:05:00,FRENCH KISS,CHILLY GONZALES  CHRISTINE OTT
2023-05-10 17:09:00,KISS AND FLY,G S WAY
2023-05-10 17:10:00,LE DIRECT,LA RADIO LA PLUS ECLECTIQUE DU MONDE
2023-05-10 17:11:00,20221102 THE TRUTH,MAC DEMARCO
2023-05-10 17:14:00,HIDING OUT IN THE OPEN,FEIST
2023-05-10 17:18:00,4 + 20,CROSBY  STEPHEN STILLS  GRAHAM NASH
2023-05-10 17:19:00,LE DIRECT,LA RADIO LA PLUS ECLECTIQUE DU MONDE
2023-05-10 17:19:00,SONG FROM THE HILLS,RAVI SHANKAR  PAUL HORN  ALLA RAKHA  HARIHAR RAO  JORG HANS MAMMEL
2023-05-10 17:23:00,NAYA DAUR : SAATHI HAATH BADHANA,LATA MANGESHKAR  MANNA DEY  LATA MANGESHKAR  MANNA DEY  CHORUS
2023-05-10 17:28:00,BLACK WHITE,ASIAN DUB FOUNDATION
2023-05-10 17:31:00,LE DIRECT,LA RADIO LA PLUS ECLECTIQUE DU MONDE
2023-05-10 17:32:00,BRA DZICK,TOXICATED KEYS
2023-05-10 17:35:00,OUT SIDE,MIDVA
2023-05-10 17:38:00,BERZINGUE,FLAVIEN BERGER
2023-05-10 17:42:00,PARAGUAYA,JUANA MOLINA
2023-05-10 17:46:00,FIGHT CLUB ,BABY ROSE  GEORGIA ANNE MULDROW
2023-05-10 17:49:00,1999,YONI MAYRAZ
2023-05-10 17:51:00,WU-TANG: 7TH CHAMBER - PART II,WU-TAN CLAN
2023-05-10 17:56:00,DEEPER UNDERGROUND,JAMIROQUAI
2023-05-10 18:00:00,KEPLER-22B,KING GIZZARD  THE LIZARD WIZARD
2023-05-10 18:04:00,TOUTES LES FILLES ,LAURA CAHEN  EMEL MATHLOUTHI
2023-05-10 18:07:00,BACKLASH BLUES,"KAREEN GUIOCK-THURAM,  DOMINIQUE FILLON  LAURENT VERNEREY  RAPHAEL CHASSIN  OLIVIER JUSTE"
2023-05-10 18:10:00,CENTRAL PARK BLUES,NINA SIMONE  DIVERS
2023-05-10 18:13:00,ONE NOTE SAMBA ,STAN GETZ
2023-05-10 18:16:00,PYJAMA'S ,BENNY SINGS  REMI WOLF
2023-05-10 18:19:00,CAIPIRINHA,DJEUHDJOAH  LIEUTENANT NICHOLSON  DJEUHDJOAH  LIEUTENANT NICHOLSON
2023-05-10 18:23:00,ELYSIAN,BONOBO
2023-05-10 18:23:00,ELYSIAN,BONOBO
2023-05-10 18:26:00,666,BON IVER
2023-05-10 18:30:00,MAN NEXT DOOR,MASSIVE ATTACK
2023-05-10 18:36:00,FREE SOLO,GRAND BLANC  BENOIT DAVID  CAMILLE DELVECCHIO  VINCENT CORBEL  LUC WAGNER
2023-05-10 18:40:00,COME TOGETHER,ALBERT SMITH
2023-05-10 18:43:00,DO WHAT YOU LIKE,AKA
2023-05-10 18:47:00,ON THE HUNT,LYNYRD SKYNYRD
2023-05-10 18:52:00,A1 BAKERY PLEDGE OF ALLEGIANCE,SURPRISE CHEF
2023-05-10 18:55:00,WANG EAST ,MIKE FABULOUS
2023-05-10 20:00:00,LE DIRECT,LA RADIO LA PLUS ECLECTIQUE DU MONDE
2023-05-10 20:02:00,ESPERANZA,BALLAKE SISSOKO
2023-05-10 20:09:00,MY PEOPLE,CHA WA
2023-05-10 20:13:00,EVERYTHING,JEHRO
2023-05-10 20:16:00,L'ESSENTIEL NE SE DIT PAS,SAGE RAGE
2023-05-10 20:20:00,A HEAD WITH WINGS,MORPHINE
2023-05-10 20:24:00,ZIGZAG BLUES,CELINE BONACINA TRIO
2023-05-10 20:27:00,SAUDADE DE RESSACA,TRIO BACANA
2023-05-10 20:29:00,VICAR IN A TUTU,THE SMITHS
2023-05-10 20:32:00,DAY O,HARRY BELAFONTE
2023-05-10 20:35:00,BLUT UND BODEN ,TERENCE BLANCHARD
2023-05-10 20:38:00,BOARDED UP PORTALS,ODD HOLIDAY
2023-05-10 20:42:00, GIVE IT BACK,BOBBY WOMACK
2023-05-10 20:45:00,LE PAYS IMAGINAIRE ,WENDY MARTINEZ
2023-05-10 20:49:00,ROADS,PORTISHEAD
2023-05-10 20:53:00,FINALLY,JAY-JAY JOHANSON
2023-05-10 20:57:00,ABA ALEM LEMENEA,ABYSSINIA INFINITE  EJIGAYEHU GIGI SHIBABAW
2023-05-10 21:01:00,MIRROR IN THE BATHROOM,THE BEAT
2023-05-10 21:04:00,CHILDREN'S CORNER : DOCTEUR GRADUS AD PARNASSUM L 113 N1 - ARRANGEMENT POUR SAXOPHONE ET ORCHESTRE,AMY DICKSON  LONDON SESSION ORCHESTRA
2023-05-10 21:07:00,LE PRINTEMPS EST LA,VERONIQUE SANSON
2023-05-10 21:08:00,LE DIRECT,LA RADIO LA PLUS ECLECTIQUE DU MONDE
2023-05-10 21:09:00,GLUE SONG ,BEABADOOBEE
2023-05-10 21:11:00,BUT NOT FOR ME,CHET BAKER
2023-05-10 21:14:00,"AND IF WE COULD, WED SAY",EPHEMERALS
2023-05-10 21:19:00,ALZAR LA VISTA,WAGNER PA
2023-05-10 21:24:00,JE VOUDRAIS DORMIR ,JEANNE CHERHAL
2023-05-10 21:26:00,POUR LES ENFANTS : PARADE / POUR HARPE,LILY LASKINE
2023-05-10 21:28:00,CSI: PETRALONA,WESTERMAN
2023-05-10 21:32:00,JOLIE LOUISE,DANIEL LANOIS
2023-05-10 21:35:00,STONE,PRINCE ALLA
2023-05-10 21:38:00,MESSAGE IN A HAMMER,OBONGJAYAR
2023-05-10 21:41:00,STRANGE LOVE,EABS MEETS JAUBI
2023-05-10 21:43:00,PAISA,ENZO AVITABILE  BOTTARI
2023-05-10 21:47:00,DON'T LET ME BE MISUNDERSTOOD,SANTA ESMERALDA
2023-05-10 21:50:00,WHITE HEAT,IT MAN
2023-05-10 21:52:00,J'IRAI AU PARADIS,DANIEL DARC
2023-05-10 21:56:00,WHEN SHADE WAS BORN,HARMONIA  ENO
2023-05-10 21:57:00,HOW DO YOU THINK IT FEELS,LOU REED
2023-05-10 22:00:00,UNDERGROUND,TOM WAITS
2023-05-10 22:02:00,MAYOL,TUE LOUP
2023-05-10 22:06:00,LE DIRECT,LA RADIO LA PLUS ECLECTIQUE DU MONDE
2023-05-10 22:07:00,SUITE : JUDY BLUE EYES,CROSBY STILLS AND NASH
2023-05-10 22:14:00,MANDE DJELIOU,DJELIMADY TOUNKARA
2023-05-10 22:18:00,MINOR SWING,DJANGO REINHARDT
2023-05-10 22:21:00,SCHERZO IN MINORE,FRANCO BATTIATO
2023-05-10 22:25:00,DON'T PUSH IT DON'T FORCE IT,LEON HAYWOOD
2023-05-10 22:28:00,CHECK THE RHIME,A TRIBE CALLED QUEST
2023-05-10 22:31:00,MOT M'A DIT,JULIE GASNIER
2023-05-10 22:33:00,SANDY BEACH,JOHNNY HAWKSWORTH'S CARIBBEAN SOUND
2023-05-10 22:35:00,ICH BLEIB' IM BETT,NENA
2023-05-10 22:37:00,TOKI DOKI,AILI
2023-05-10 22:41:00,LE DIRECT,LA RADIO LA PLUS ECLECTIQUE DU MONDE
2023-05-10 22:42:00,JARDIN CHINOIS,TAXI GIRL
2023-05-10 22:45:00,ONLY YOU,YAZOO
2023-05-10 22:48:00,40.2,VELS TRIO
2023-05-10 22:49:00,NO MORE LIES,THUNDERCAT  TAME IMPALA
2023-05-10 22:54:00,THRILLER,MICHAEL JACKSON
2023-05-10 23:00:00,POURQUOI PAS NOUS : VIENI QUI ,VLADIMIR COSMA
2023-05-10 23:03:00,ON N'OUBLIE RIEN,JULIETTE GRECO
2023-05-10 23:07:00,EMILY I'M SORRY,BOYGENIUS
2023-05-10 23:10:00,CAMEROON,MIRIAM MAKEBA  HUGH MASEKELA  SON ORCHESTRE
2023-05-10 23:13:00,MY PEOPLE...HOLD ON,BILLY VALENTINE AND THE UNIVERSAL TRUTH  BILLY VALENTINE
2023-05-10 23:19:00,MY BLUE HEAVEN,MARY LOU WILLIAMS
2023-05-10 23:21:00,HOBO DON'T MIND A LITTLE RAIN,TALMUD BEACH
2023-05-10 23:21:00,LE DIRECT,LA RADIO LA PLUS ECLECTIQUE DU MONDE
2023-05-10 23:25:00,I WONDER,SIXTO RODRIGUEZ
2023-05-10 23:28:00,OLD FAITHFUL AND TRUE LOVE,EARL KING
2023-05-10 23:31:00,HOT YOU'RE HOT,SLY DUNBAR
2023-05-10 23:33:00,HOTLINE BLING ,DRAKE
2023-05-10 23:36:00,LES PLUIES CHAUDES DE L' T,ETIENNE DAHO
2023-05-10 23:41:00,CRANES IN THE SKY,SOLANGE
2023-05-10 23:45:00,SUSPENDED,AMANDA WHITING
2023-05-10 23:50:00,VIC'L,TONICO 70
2023-05-10 23:53:00,MYSTERIA,JIMI TENOR
2023-05-10 23:57:00,BEYOND,DAFT PUNK
2023-05-11 07:00:00,BENNESBEH LABOKRA ... CHOU? : FIRST INTRODUCTION,ZIAD RAHBANI
2023-05-11 07:03:00,CIRCULAR DOORWAY,LAKE  ANDREW DORSETT  ASHLEY ERIKSSON  ELI MOORE  MARKLY MORRISON
2023-05-11 07:07:00,NEVER KNOW,FRASER ANDERSON
2023-05-11 07:11:00,SOFT SERVE,SOUL COUGHING
2023-05-11 07:14:00,CONCERTO EN FA MAJ HWV 295  : 2. ALLEGRO - ARRANGEMENT POUR FLAGEOLET ALTO ET BASSE CONTINUE,HUGO REYNE  CELINE LAMARRE  LA SIMPHONIE DU MARAIS
2023-05-11 07:17:00,"PLEASE, PLEASE, PLEASE",JAMES BROWN
2023-05-11 07:21:00,REACHING FOR OUR STAR,SHARON REVOAL
2023-05-11 07:24:00,L'ENFANT SAMBA,CORTEX
2023-05-11 07:27:00,EXOTIQUE,WHATITDO ARCHIVE GROUP
2023-05-11 07:30:00,BREATHE,NICARAGUA
2023-05-11 07:32:00,FOREVER FOREVER,GENEVIEVE ARTADI
2023-05-11 07:37:00,THE SOUL DRUMMERS,RAY BARRETTO
2023-05-11 07:41:00,SUZUKI SPLIFFY,MANUEL FISCHER
2023-05-11 07:43:00,ADIS,BLAS CORDOBA EL KEJIO  CHANO DOMINGUEZ
2023-05-11 07:46:00,ANARCHY IN THE UK,BEAU CATCHEUR
2023-05-11 07:49:00,Z'AVEZ PAS LU KAFKA,SUZANNE GABRIELLO
2023-05-11 07:52:00,DANCIN' PANTS,QUINCY JONES
2023-05-11 07:55:00,POPSICLE TOES,MICHAEL FRANKS
2023-05-11 08:00:00,DISILLUSIONED,DANIEL CAESAR
2023-05-11 08:04:00,HEARTBREAKER ,MOHS.  ZACHARIE KSYK  ERWAN VALAZZA  NATHAN VANDENBULCKE  FANG THE GREAT
2023-05-11 08:07:00,YOU CAN'T SIT DOWN,BOOKER T  THE MG S
2023-05-11 08:10:00,LE DIRECT,LA RADIO LA PLUS ECLECTIQUE DU MONDE
2023-05-11 08:11:00,PARFUM DE FEMME : QUE VEUT CETTE MUSIQUE ,PEPPINO GAGLIARDI
2023-05-11 08:14:00,WAITING FOR THE SUN,THE DOORS
2023-05-11 08:18:00,FREE SOLO,GRAND BLANC  BENOIT DAVID  CAMILLE DELVECCHIO  VINCENT CORBEL  LUC WAGNER
2023-05-11 08:21:00,THE MANY FACES OF STONE,BEN CHASNY
2023-05-11 08:24:00,J'AIME LES FILLES,KATE BOLLINGER
2023-05-11 08:27:00,MY GIRL,MICHAEL JACKSON
2023-05-11 08:30:00,EVEN THOUGH YOU'RE GONE,LOUISA MARKS
2023-05-11 08:33:00,WHAT YOU DUB,PINNACLE SOUND
2023-05-11 08:35:00,BABY SNAKES,DEATH AND VANILLA
2023-05-11 08:39:00,CAT AND MOUSE WITH THE LIGHT,THE NEW PORNOGRAPHERS
2023-05-11 08:43:00,TIME OF THE SEASON,RIEN FAIRE
2023-05-11 08:45:00,CHORO N1,SERGIO ASSAD
2023-05-11 08:47:00,HOT FUN IN THE SUMMERTIME,SLY  THE FAMILY STONE
2023-05-11 08:50:00,ALONE AGAIN,JORGE DARDEN
2023-05-11 08:53:00,LE DIRECT,LA RADIO LA PLUS ECLECTIQUE DU MONDE
2023-05-11 08:54:00,I GOT THE FEELIN',AFRICAN FIESTA SUKISA
2023-05-11 08:56:00,VILLANOVA JUNCTION BLUES,JIMI HENDRIX
2023-05-11 08:58:00,TAKE ME AWAY,DA BRASILIANS
2023-05-11 09:00:00,LA BAIE DES ANGES : SLOW AU PETIT MATIN,DANIELLE LICARI  JOSE BARTEL  CHRISTIANE LEGRAND  GEORGES BLANESS  CLAUDINE MEUNIER
2023-05-11 09:02:00,IN THE MORNING,NINA SIMONE
2023-05-11 09:04:00,SAMBA DE ORLY,CHICO BUARQUE
2023-05-11 09:07:00,CAE LA LLUVIA,ELIA Y ELIZABETH
2023-05-11 09:10:00,UGI,STRONGBOI  ALICE PHOEBE LOU  ZIV YAMIN
2023-05-11 09:15:00,LETTER FROM YOKOSUKA,NUJABES
2023-05-11 09:18:00,JAUNE,MADONE  INGVILD  JUSTUS RAIM  DOMINGO MARIANI  JOSEPH SAINDERICHIN
2023-05-11 09:20:00,SEARCHING,ROY AYERS
2023-05-11 09:24:00,HOMEWARD BOUND,FREDDIE MAC GREGOR
2023-05-11 09:26:00,THE MODEL,OLIVIER LIBAUX
2023-05-11 09:29:00,CORNICHE KENNEDY,PIERRE DAVEN-KELLER
2023-05-11 09:32:00,"MON AMOUR,MON AMI",MARIE LAFORET
2023-05-11 09:34:00,ORLANDO FURIOSO : IO SON NE' LACCI TUOI  AIR DE BRADAMANTE,ANN HALLENBERG  ENSEMBLE MATHEUS
2023-05-11 09:37:00,IT'S BEEN SO LONG,WEBB PIERCE
2023-05-11 09:39:00,BABE,SHANA CLEVELAND
2023-05-11 09:41:00,FROM BAYA WITH LOVE,PONTA PRETA
2023-05-11 09:44:00,PARANOID,BABY ROSE
2023-05-11 09:47:00,LE DIRECT,LA RADIO LA PLUS ECLECTIQUE DU MONDE
2023-05-11 09:47:00,WHEN I NEED YOU,THE MARVELETTES
2023-05-11 09:50:00,WHAT IS THIS THING CALLED LOVE ,WILLIE NELSON  NORAH JONES  MATT ROLLINS  DEAN PARKS  PAUL FRANKLIN
2023-05-11 09:52:00,POLICE DOG BLUES,RY COODER
2023-05-11 09:55:00,TITAN ANTHEM,TRIBEQA
2023-05-11 09:57:00,PEPPERS ,LANA DEL REY  TOMMY GENESIS
2023-05-11 10:02:00,DONE ,YAEJI
2023-05-11 10:04:00,PAS A PAS,NDOBO-EMMA
2023-05-11 10:06:00,DILLATRONIC 21,J DILLA
2023-05-11 10:08:00,TRUST ME,GURU  N DEA DAVENPORT
2023-05-11 10:13:00,MONKEY MAN,THE MAYTALS
2023-05-11 10:16:00,SILENT,LA PRIEST
2023-05-11 10:21:00,MONDELLO'S MELODY,WARHAUS
2023-05-11 10:22:00,HOW CAN YOU MEND A BROKEN HEART,AL GREEN
2023-05-11 10:28:00,WEIHNACHTEN,ELISABETH SCHWARZKOPF  PHILHARMONIA ORCHESTRA  AMBROSIAN SINGERS
2023-05-11 10:31:00,LE DIRECT,LA RADIO LA PLUS ECLECTIQUE DU MONDE
2023-05-11 10:32:00,TO URSULA'S CABIN,JOE HISAISHI
2023-05-11 10:33:00,WARA NO UE,MEIKO KAJI
2023-05-11 10:37:00,JE VIS MES REVES EN VRAI,KCIDY
2023-05-11 10:41:00,OVER AND OVER,THE WAEVE  GRAHAM COXON  ROSE ELINOR DOUGALL
2023-05-11 10:47:00,CRISTAL MIND,JB DUNCKEL
2023-05-11 10:52:00,I'LL NEVER FALL IN LOVE AGAIN,BURT BACHARACH
2023-05-11 10:54:00,ONE NOTE SAMBA,HERBIE MANN
2023-05-11 10:58:00,MANIA DE PEITAO,SEU JORGE
2023-05-11 11:00:00,MONKEY BANANA,FELA KUTI
2023-05-11 11:03:00,DOOR PEEPER ,BURNING SPEAR
2023-05-11 11:06:00,JAVANAISE REMAKE,SERGE GAINSBOURG
2023-05-11 11:09:00,BAKOM GLASET,DINA OGON
2023-05-11 11:11:00,SWAG ON,KAZAM
2023-05-11 11:14:00,JOHNNY CASH HURT TYPE BEAT,DEAN BLUNT
2023-05-11 11:16:00,HURT,JOHNNY CASH
2023-05-11 11:20:00,OCEAN OF TEARS,BIG MAYBELLE
2023-05-11 11:22:00,THE GREEN RAY,MOLLY LEWIS
2023-05-11 11:27:00,AGED EYES ,ALFA MIST  JAMIE LEEMING  ALFA SEKITOLEKO  AVISHAI ROZEN  KAYA THOMAS-DYKE
2023-05-11 11:30:00,THERE IS NOTHING MORE TO SAY,THE MILLENNIUM
2023-05-11 11:33:00,PARIS ,MELANIE
2023-05-11 11:37:00,CASBAH LOUNGE,NICOLAS GODIN
2023-05-11 11:41:00,TA GOUMARA KI APIDIA ,TASSOS CHALKIAS
2023-05-11 11:44:00,BIG BOSS MAN,BOBBIE GENTRY
2023-05-11 11:47:00,CAR WASH,ROSE ROYCE  GWEN DICKEY  THE POINTER SISTERS
2023-05-11 11:50:00,DUNCAN TRUFFLE,ARP FRIQUE
2023-05-11 11:54:00,CASTELMAURE ,FLAVIEN BERGER
2023-05-11 11:56:00,BONNY,PREFAB SPROUT
2023-05-11 12:00:00,TOO YOUNG,PHOENIX
2023-05-11 12:03:00,GANIMED,ANGELS OF LIBRA
2023-05-11 12:07:00,SLEEP DEPRIVED,HUNTER LIONEL
2023-05-11 12:10:00,SAFE FROM HARM,MASSIVE ATTACK
2023-05-11 12:15:00,AIR IN REST,BUTTERING TRIO
2023-05-11 12:18:00,PRELUDE EN UT MAJ BWV 846 - ARRANGEMENT POUR MARIMBA,KUNIKO
2023-05-11 12:21:00,BISSAU,FRANCIS BEBEY
2023-05-11 12:24:00,A SONG FOR JEFFREY,JETHRO TULL
2023-05-11 12:27:00,RETURN TO ME NOW,LAEL NEALE
2023-05-11 12:31:00,FORBIDDEN ISLAND,MARTIN DENNY  JULIUS WECHTER  HARVEY RAGSDALE  AUGIE COLON
2023-05-11 12:34:00,SYRACUSE,HENRI SALVADOR
2023-05-11 12:37:00,WHAT'S HAPPENING BROTHER,MARVIN GAYE
2023-05-11 12:40:00,HOW MANY MILES,SIRENS OF LESBOS
2023-05-11 12:42:00,LA BERCEUSE DES VIEUX AMANTS,TOUR-MAUBOURG
2023-05-11 12:47:00,LES BRINS DE LAVANDE,BICHE ET PEARL  THE OYSTERS
2023-05-11 12:49:00,SAMBA PER UN AMORE,LUCIA RANGO
2023-05-11 12:51:00,SILLY THINGS,ANTENA
2023-05-11 12:54:00,SAMBA TRISTE,STAN GETZ
2023-05-11 12:59:00,I PUT A LITTLE THING IN YOUR POCKET,JONNINE
2023-05-11 13:01:00,YES,CHARLES LUDIG
2023-05-11 13:01:00,MY BEST FRIEND'S GIRL,THE CARS
2023-05-11 13:05:00,THE BOY WITH THE ARAB STRAP,BELLE AND SEBASTIAN
2023-05-11 13:10:00,CHINA GATES,SHANI DILUKA
2023-05-11 13:14:00,JUST ONE TASTE,THE EMINENT STARS
2023-05-11 13:17:00,"RUNAWAY CHILD, RUNNING WILD",THE TEMPTATIONS
2023-05-11 13:22:00,LADRA DO LUGAR DE FALA,ILESSI
2023-05-11 13:25:00,BONGOS IN PARADISE,PRESTON EPPS
2023-05-11 13:27:00,ANY LITTLE TIME,RACHAEL  VILRAY  VILRAY  NATE KETNER  JACOB ZIMMERMAN  JIM ZIEGLER
2023-05-11 13:30:00,THE NICKEL SONG,MELANIE
2023-05-11 13:34:00,RUE DE MENILMONTANT,JULIE B BONNIE
2023-05-11 13:37:00,HIGH LIFE,THE WINSTON BROTHERS
2023-05-11 13:41:00,LOVE BETWEEN...,KALI UCHIS
2023-05-11 13:44:00,LA COSECHA ,NICOLA CRUZ
2023-05-11 13:48:00,LE DIRECT,LA RADIO LA PLUS ECLECTIQUE DU MONDE
2023-05-11 13:49:00,WALK LIKE AN EGYPTIAN,THE BANGLES
2023-05-11 13:52:00,EGYPTIAN REGGAE,PASCAL COMELADE
2023-05-11 13:53:00,TOUTOUTOUT ,CLAIR  CZERKINSKY  PHILIPPE KATERINE
2023-05-11 13:56:00,JUST THE WAY YOU ARE,BILLY JOEL
2023-05-11 14:00:00,LIKE A MONDAY,LEON PHAL QUINTET
2023-05-11 14:04:00,DIVE,OLIVIA DEAN
2023-05-11 14:08:00,THE LETTER,MACY GRAY
2023-05-11 14:13:00,THE INVITATION ,PROJECT GEMINI
2023-05-11 14:14:00,BURLESQUE DESERT WINDOW,TRAMPLED BY TURTLES
2023-05-11 14:16:00,SUITE POUR VIOLONCELLE N3 EN UT MAJ BWV 1009 : 4. SARABANDE,ABEL SELAOCOE
2023-05-11 14:19:00,LE DIRECT,LA RADIO LA PLUS ECLECTIQUE DU MONDE
2023-05-11 14:20:00,COUCOU,LAS HERMANAS CARONNI
2023-05-11 14:23:00,LE PLURIEL,GEORGES BRASSENS
2023-05-11 14:27:00,COFFEE IN A CARDBOARD CUP,JOHN PIZZARELLI  ISAIAH J THOMPSON  MICHAEL KARN
2023-05-11 14:32:00,WITCHES BOOGALOO,THE SUGARMAN 3
2023-05-11 14:36:00,WOOLEY BULLY,LONNIE YOUNGBLOOD
2023-05-11 14:38:00,B.I.G. POPPA'S GOT A BRAND NEW BAG ,THE NOTORIOUS J.B.'S  JAMES BROWN  NOTORIOUS BIG
2023-05-11 14:42:00,IT'S A MAN'S MAN'S MAN'S WORLD,MERCURY REV
2023-05-11 14:46:00,CEE ROCKA,SOUL REVIVERS
2023-05-11 14:51:00,TOMBE LA PLUIE,VOYOU
2023-05-11 14:55:00,DIA DE CHUVA,NITEROY
2023-05-11 14:59:00,WE ARE FAMILY,SISTER SLEDGE
2023-05-11 15:01:00,20200101,MAC DEMARCO
2023-05-11 15:03:00,CARNIVAL,NATALIE MERCHANT
2023-05-11 15:09:00,COMME UNE ENFANT,ALAIN BASHUNG
2023-05-11 15:11:00,"THE GOOD, THE BAD AND THE UGLY ",ENNIO MORRICONE
2023-05-11 15:13:00,GREEN FIELDS,THE GOOD THE BAD  THE QUEEN
2023-05-11 15:15:00,BIRTHDAY SUIT,COSMO SHELDRAKE
2023-05-11 15:16:00,A MOI LA LIBERTE ,CHEB HINDI
2023-05-11 15:22:00,HEY AVI!!,MONTOYA
2023-05-11 15:25:00,PUSHERMAN ,BILL BEN  BAGGIO
2023-05-11 15:28:00,LA GRANDE DESILLUSION,BENJAMIN EPPS
2023-05-11 15:31:00,NO MORE LIES,THUNDERCAT  TAME IMPALA
2023-05-11 15:36:00,CHEGA DE SAUDADE ,GARY BURTON
2023-05-11 15:41:00,TAKE IT EASY MY BROTHER CHARLIE,ASTRUD GILBERTO  DJ SPINNA
2023-05-11 15:44:00,BOSSA NOVA BABY,TIPPIE  THE CLOVERS
2023-05-11 15:46:00,JAMAICA FAREWELL,HARRY BELAFONTE
2023-05-11 15:49:00,VICENTE,TUZEINT
2023-05-11 15:51:00,LA VIE BREVE : DANSE - ARRANGEMENT POUR GUITARE,PACO DE LUCIA  DIVERS
2023-05-11 15:54:00,BRIGHT LUCK ,PORTICO  JONO MCCLEER
2023-05-11 15:58:00,SOLUTION,PAULINE CROZE
2023-05-11 16:01:00,HEIGH HO,LAURENT MARIMBERT
2023-05-11 16:03:00,SUPER MARIO BROS,FRED PALLEM  LE SACRE DU TYMPAN  FRED PALLEM  LE SACRE DU TYMPAN  GUILLAUME MAGNIE  JEREMIE PIAZZA
2023-05-11 16:08:00,YE-YE,EIKO SHURI
2023-05-11 16:11:00,HAVE LOVE WILL TRAVEL,RICHARD BERRY AND THE PHARAOHS
2023-05-11 16:13:00,"RED, GOLD AND GREEN",BURNING SPEAR
2023-05-11 16:15:00,LE DIRECT,LA RADIO LA PLUS ECLECTIQUE DU MONDE
2023-05-11 16:16:00,CURAIDH,KERBSIDE COLLECTION
2023-05-11 16:19:00,SUMMER IN THE CITY,QUINCY JONES
2023-05-11 16:23:00,LE DEPART,ADI OASIS
2023-05-11 16:24:00,VACANCES,L IMPERATRICE  CHARLES DE BOISSEGUIN  HAGNI GWON  FLORE BENGUIGUI  DAVID GAUGUE
2023-05-11 16:28:00,LES VACANCES DE MONSIEUR HULOT : QUEL TEMPS FAIT-IL A PARIS,BO / LES VACANCES DE MONSIEUR HULOT
2023-05-11 16:30:00,HOLIDAY FOR STRINGS,THE VOICES OF WALTER SCHUMANN
2023-05-11 16:33:00,SUNSET CANYON,FOXWARREN
2023-05-11 16:37:00,HUES,Y LA BAMBA  DEVENDRA BANHART
2023-05-11 16:41:00,LE DIRECT,LA RADIO LA PLUS ECLECTIQUE DU MONDE
2023-05-11 16:41:00,TOMORROW,THE DURUTTI COLUMN
2023-05-11 16:45:00,PAINT IT BLACK,THE ROLLING STONES
2023-05-11 16:48:00,ON DANSAIT AVEC ELLE ,LEPEE
2023-05-11 16:51:00,THE UNCERTAINTY PRINCIPLE,THE HELIOCENTRICS
2023-05-11 16:54:00,DJANGER,NUSANTARA BEAT
2023-05-11 16:58:00,AS WE ENTER,NAS  DAMIAN MARLEY
2023-05-11 17:00:00,YEGELLE TEZETA,MULATU ASTATKE
2023-05-11 17:04:00,A REACH OUT ,TICKLED PINK
2023-05-11 17:06:00,QUIT JIVE'IN,PEARLY QUEEN
2023-05-11 17:09:00,FUTBOL,RAHILL
2023-05-11 17:12:00,LE DIRECT,LA RADIO LA PLUS ECLECTIQUE DU MONDE
2023-05-11 17:13:00,POST HOUMOUS,MORCHEEBA
2023-05-11 17:14:00,LOSER,BECK
2023-05-11 17:18:00,LEBANESE BLONDE ,THIEVERY CORPORATION  PAMELA BRICKER
2023-05-11 17:23:00,DON'T YOU DARE ,MINIMAL ORCHESTRA  TOM TERRIEN  FLORENT HORTAL  PIERRE-JEAN TROUETTE
2023-05-11 17:25:00,BENDING NEW CORNERS,ERIK TRUFFAZ
2023-05-11 17:33:00,FUNKIN FOR JAMAICA,TOM BROWNE
2023-05-11 17:38:00,SHE CAN'T LOVE YOU,CHEMISE
2023-05-11 17:43:00,LOVE THAT BIRD,STEVE HIETT
2023-05-11 17:46:00,HELP,ROZI PLAIN
2023-05-11 17:50:00,MIRAGE,SOLEIL VERT
2023-05-11 17:54:00,AVENTURE 1,FRED UND LUNA
2023-05-11 17:59:00,IT'S MORE FUN TO COMPUTE,KRAFTWERK
2023-05-11 18:03:00,BABA O' RILEY,THE WHO
2023-05-11 18:08:00,RAWHIDE,ERIC WEISSBERG  STEVE MANDELL
2023-05-11 18:10:00,LE DIRECT,LA RADIO LA PLUS ECLECTIQUE DU MONDE
2023-05-11 18:10:00,SAY WHAT YOU LIKE,DOUG PAISLEY
2023-05-11 18:13:00,STILL IT S NOT ENOUGH,THE LEMON TWIGS
2023-05-11 18:16:00,OTRAS TRES DIFERENCIAS HECHAS POR OTRA PARTE - POUR GUITARE,GIUSEPPE CHIARAMONTE
2023-05-11 18:19:00,LES VOYAGES,JEANNE MOREAU
2023-05-11 18:21:00,SOB O MAR,JAIME  NAIR  JAIME ALEM  NAIR DE CANDIA
2023-05-11 18:25:00,THE WORM,JIMMY MCGRIFF
2023-05-11 18:29:00,JOEL GOES TO GET HELP,KI!  JOHAN BYLLING LANG
2023-05-11 18:35:00,PROPAGANDA ,SALAMI ROSE JOE LOUIS  BRIJEAN
2023-05-11 18:37:00,DESNUDA,UNDERGROUND SYSTEM
2023-05-11 18:43:00,SABROSA,BEASTIE BOYS
2023-05-11 18:46:00,LOVE FOR THE SAKE OF LOVE,CLAUDJA BARRY
2023-05-11 18:51:00,MARJORIE KELLY,MAT VEZIO
2023-05-11 18:55:00,THE LAST TIME,THE ANDREW OLDHAM ORCHESTRA
2023-05-11 18:57:00,OLD ARCADE,STILL CORNERS
2023-05-11 20:00:00,LE DIRECT,LA RADIO LA PLUS ECLECTIQUE DU MONDE
2023-05-11 20:01:00,RIDERS ON THE STORM,THE DOORS
2023-05-11 20:08:00,THROUGH THE STORM,CHARLES BRADLEY
2023-05-11 20:13:00,J'APAISE,ENCHANTEE JULIA  ASTRONNE
2023-05-11 20:16:00,STILL,FTHMLSS
2023-05-11 20:19:00,TEARDROP,MASSIVE ATTACK
2023-05-11 20:24:00,IF YOU CAN'T SAY NO,LENNY KRAVITZ
2023-05-11 20:29:00,"SAN JUAN, TAMBOR Y FUERA",UN DOS TRES Y FUERA
2023-05-11 20:34:00,IRON LUNG,KING GIZZARD  THE LIZARD WIZARD
2023-05-11 20:43:00,EASY,THE DANDY WARHOLS
2023-05-11 20:51:00,THESE HANDS ,ASTA HIROKI
2023-05-11 20:56:00,GOODBYE ,SABRINA BELLAOUEL  BONNIE BANANE
2023-05-11 21:01:00,HULA HOOP  ,LIMOUSINE  VICTOR SOLF  LAURENT BARDAINNE  DAVID AKNIN  MAXIME DELPIERRE
2023-05-11 21:04:00,BETTER MAN,PEARL JAM
2023-05-11 21:09:00,ALMOST CUT MY HAIR,CROSBY STILLS NASH AND YOUNG
2023-05-11 21:13:00,FED UP,GEORGE BENSON
2023-05-11 21:23:00,PHYSICAL LOVE,EDDIE HAZEL
2023-05-11 21:29:00,THE DARKEST PART ,DANGER MOUSE  BLACK THOUGHT
2023-05-11 21:32:00,MERCURY,STEVE LACY
2023-05-11 21:37:00,MISTIFICAR,TIM BERNARDES
2023-05-11 21:40:00,HOHAI-BUSHI,KIFU MITSUHASHI
2023-05-11 21:44:00,I'LL KEEP COMING,LOW ROAR
2023-05-11 21:47:00,LA PROMESSE AU SOLEIL,ALDORANDE
2023-05-11 21:49:00,PLAYA PLAYA,D ANGELO
2023-05-11 21:56:00,A TEMPS,LUCIE ANTUNES
2023-05-11 22:00:00,I'LL KEEP COMING,LOW ROAR
2023-05-11 22:04:00,BACHELORETTE,BJORK
2023-05-11 22:09:00,LE DIRECT,LA RADIO LA PLUS ECLECTIQUE DU MONDE
2023-05-11 22:10:00,SVEFN-G-ENGLAR,SIGUR ROS
2023-05-11 22:18:00,MON AMOUR TU BOIS TROP,LEONIE PERNET
2023-05-11 22:21:00,UNITY,THE COMET IS COMING
2023-05-11 22:24:00,LE DIRECT,LA RADIO LA PLUS ECLECTIQUE DU MONDE
2023-05-11 22:25:00,LONG GONE DAY,MAD SEASON
2023-05-11 22:30:00,BHAJA GOVINDAM,ALICE COLTRANE
2023-05-11 22:34:00,MY SWEET LORD,GEORGE HARRISON
2023-05-11 22:38:00,SACRED SANDS,ALLAH-LAS
2023-05-11 22:41:00,LE DIRECT,LA RADIO LA PLUS ECLECTIQUE DU MONDE
2023-05-11 22:41:00,TRAMP LIKE YOU,ORACLE SISTERS  CHRISTOPHER WILLATT  LEWIS LAZAR  JULIA JOHANSEN  CYPRIEN JACQUET
2023-05-11 22:45:00,NOS CONTRADICTIONS,GABI HARTMANN
2023-05-11 22:49:00,NOBODY KNOWS THE TROUBLE I'VE SEEN,GRANT GREEN  HERBIE HANCOCK  BUTCH WARREN  BILLY HIGGINS  GARVIN MASSEAUX
2023-05-11 22:55:00,EGYPTIAN MUSIC,MAGON
2023-05-11 22:58:00,LOSE CONTROL,SANDRA NKAKE  MATHILDA HAYNES  JI DRU  JEROME PEREZ  MATHIEU PETNOT
2023-05-11 23:01:00,LE DIRECT,LA RADIO LA PLUS ECLECTIQUE DU MONDE
2023-05-11 23:02:00,QUATUOR A CORDES N38 EN MI BEMOL MAJ OP 50 N3 HOB III : 46 : FINALE,QUATUOR ZAIDE  CHARLOTTE JUILLARD  LESLIE BOULIN RAULET  SARAH CHENAF  JULIETTE SALMONA
2023-05-11 23:05:00,AFRONEWAVE,KEZIAH JONES
2023-05-11 23:09:00,T'AIMES PAS CA ,EL GATO NEGRO
2023-05-11 23:14:00,VAMOS FARREAR,PINDUCA
2023-05-11 23:18:00,EL BUBAMARA PASA,BLACK CAT WHITE CAT
2023-05-11 23:19:00,LE DIRECT,LA RADIO LA PLUS ECLECTIQUE DU MONDE
2023-05-11 23:20:00,GOIN' BACK TO INDIANA,THE JACKSON 5
2023-05-11 23:23:00,LOVE GOT ME,ARTHUR CONLEY
2023-05-11 23:23:00,LOVE GOT ME,ARTHUR CONLEY
2023-05-11 23:25:00,HE'S A REAL GONE GUY,JUDITH OWEN  KEVIN LOUIS  DAVID TORKANOWSKY  DAVE BLENKHORN  LEX WARSHAWSKY
2023-05-11 23:25:00,HE'S A REAL GONE GUY,JUDITH OWEN  KEVIN LOUIS  DAVID TORKANOWSKY  DAVE BLENKHORN  LEX WARSHAWSKY
2023-05-11 23:30:00,UNCHAIN MY HEART ,JOHN SCOFIELD
2023-05-11 23:30:00,UNCHAIN MY HEART ,JOHN SCOFIELD
2023-05-11 23:34:00,THE ROSES ,BLUESTAEB  LOUIS VI  MAIA  K LE MAESTRO
2023-05-11 23:34:00,THE ROSES ,BLUESTAEB  LOUIS VI  MAIA  K LE MAESTRO
2023-05-11 23:37:00,CAFE DU MONDE,TANK AND THE BANGAS
2023-05-11 23:37:00,CAFE DU MONDE,TANK AND THE BANGAS
2023-05-11 23:42:00,NONET EN MI BEMOL MAJ OP 38 POUR 4 CORDES ET 5 VENTS : III. SCHERZO. VIVACE,PHILIPPE BERNOLD  FRANCOIS LELEUX  ROMAIN GUYOT  ANDRE CAZALET  GILBERT AUDIN
2023-05-11 23:42:00,NONET EN MI BEMOL MAJ OP 38 POUR 4 CORDES ET 5 VENTS : III. SCHERZO. VIVACE,PHILIPPE BERNOLD  FRANCOIS LELEUX  ROMAIN GUYOT  ANDRE CAZALET  GILBERT AUDIN
2023-05-11 23:48:00,MY SISTER'S TINY HANDS,ANDREW BIRD
2023-05-11 23:48:00,MY SISTER'S TINY HANDS,ANDREW BIRD
2023-05-11 23:49:00,LE DIRECT,LA RADIO LA PLUS ECLECTIQUE DU MONDE
2023-05-11 23:49:00,LE DIRECT,LA RADIO LA PLUS ECLECTIQUE DU MONDE
2023-05-11 23:50:00,THE PARTISAN,LEONARD COHEN
2023-05-11 23:50:00,THE PARTISAN,LEONARD COHEN
2023-05-11 23:53:00,LAM AZAL,ISSAM HAJALI
2023-05-11 23:53:00,LAM AZAL,ISSAM HAJALI
2023-05-11 23:56:00,PLANALTO,FABIANO DO NASCIMENTO  SAM GENDEL  RICARDO TIKI PASILLAS  THALMA DE FREITAS  CARLA HASSETT
2023-05-11 23:56:00,PLANALTO,FABIANO DO NASCIMENTO  SAM GENDEL  RICARDO TIKI PASILLAS  THALMA DE FREITAS  CARLA HASSETT
2023-05-11 23:58:00,COOL ABOUT IT,BOYGENIUS
2023-05-11 23:58:00,LE DIRECT,LA RADIO LA PLUS ECLECTIQUE DU MONDE
2023-05-11 23:58:00,COOL ABOUT IT,BOYGENIUS
2023-05-11 23:58:00,LE DIRECT,LA RADIO LA PLUS ECLECTIQUE DU MONDE
